{
  "number_of_elements": {
    "min": 1.0,
    "max": 9.0,
    "mean": 4.115223627898227,
    "std": 1.439294652128998
  },
  "mean_atomic_mass": {
    "min": 6.941,
    "max": 208.9804,
    "mean": 87.55763086475905,
    "std": 29.676497262297406
  },
  "wtd_mean_atomic_mass": {
    "min": 6.423452,
    "max": 208.9804,
    "mean": 72.98831044307747,
    "std": 33.4904062203264
  },
  "gmean_atomic_mass": {
    "min": 5.32057317119124,
    "max": 208.9804,
    "mean": 71.29062703770029,
    "std": 31.030271676748463
  },
  "wtd_gmean_atomic_mass": {
    "min": 1.96084911435585,
    "max": 208.9804,
    "mean": 58.539915554195844,
    "std": 36.651066600161016
  },
  "entropy_atomic_mass": {
    "min": 0.0,
    "max": 1.98379733934683,
    "mean": 1.1656079642319457,
    "std": 0.3649304104522684
  },
  "wtd_entropy_atomic_mass": {
    "min": 0.0,
    "max": 1.95820337089713,
    "mean": 1.0638835275958267,
    "std": 0.4014234673170504
  },
  "range_atomic_mass": {
    "min": 0.0,
    "max": 207.97246,
    "mean": 115.60125125331516,
    "std": 54.62688729965876
  },
  "wtd_range_atomic_mass": {
    "min": 0.0,
    "max": 205.58991,
    "mean": 33.22521792173843,
    "std": 26.967751888822182
  },
  "std_atomic_mass": {
    "min": 0.0,
    "max": 101.0197,
    "mean": 44.391893275276146,
    "std": 20.035430269406856
  },
  "wtd_std_atomic_mass": {
    "min": 0.0,
    "max": 101.0197,
    "mean": 41.44804474886692,
    "std": 19.983544294937747
  },
  "mean_fie": {
    "min": 375.5,
    "max": 1313.1,
    "mean": 769.614748322035,
    "std": 87.48869412191517
  },
  "wtd_mean_fie": {
    "min": 375.5,
    "max": 1348.02898550725,
    "mean": 870.4423172901026,
    "std": 143.27820024122695
  },
  "gmean_fie": {
    "min": 375.5,
    "max": 1313.1,
    "mean": 737.4747507972785,
    "std": 78.32727545483802
  },
  "wtd_gmean_fie": {
    "min": 375.5,
    "max": 1327.59338127497,
    "mean": 832.7696487659008,
    "std": 119.77251992310535
  },
  "entropy_fie": {
    "min": 0.0,
    "max": 2.15777657240244,
    "mean": 1.2991721607957372,
    "std": 0.3819345873881376
  },
  "wtd_entropy_fie": {
    "min": 0.0,
    "max": 2.03856025300207,
    "mean": 0.9267258145043101,
    "std": 0.33401756091637047
  },
  "range_fie": {
    "min": 0.0,
    "max": 1304.5,
    "mean": 572.2226120490994,
    "std": 309.6144415494202
  },
  "wtd_range_fie": {
    "min": 0.0,
    "max": 1251.85507246377,
    "mean": 483.517264407814,
    "std": 224.0428735322188
  },
  "std_fie": {
    "min": 0.0,
    "max": 499.67194925771,
    "mean": 215.63127944649548,
    "std": 109.96677448889757
  },
  "wtd_std_fie": {
    "min": 0.0,
    "max": 479.162305267108,
    "mean": 224.05003328379877,
    "std": 127.92710394190692
  },
  "mean_atomic_radius": {
    "min": 48.0,
    "max": 298.0,
    "mean": 157.98310075852754,
    "std": 20.147288379122198
  },
  "wtd_mean_atomic_radius": {
    "min": 48.0,
    "max": 298.0,
    "mean": 134.72003911907217,
    "std": 28.80156739917083
  },
  "gmean_atomic_radius": {
    "min": 48.0,
    "max": 298.0,
    "mean": 144.44873803323298,
    "std": 22.09095800010931
  },
  "wtd_gmean_atomic_radius": {
    "min": 48.0,
    "max": 298.0,
    "mean": 120.98933048313367,
    "std": 35.83784345416043
  },
  "entropy_atomic_radius": {
    "min": 0.0,
    "max": 2.14196070533239,
    "mean": 1.267755878438339,
    "std": 0.3754109562843667
  },
  "wtd_entropy_atomic_radius": {
    "min": 0.0,
    "max": 1.90374818834238,
    "mean": 1.1311377209982563,
    "std": 0.4071591107896338
  },
  "range_atomic_radius": {
    "min": 0.0,
    "max": 256.0,
    "mean": 139.3250246907774,
    "std": 67.2722280334383
  },
  "wtd_range_atomic_radius": {
    "min": 0.0,
    "max": 240.164343938996,
    "mean": 51.369884879828035,
    "std": 35.01935635274785
  },
  "std_atomic_radius": {
    "min": 0.0,
    "max": 115.5,
    "mean": 51.60126669129966,
    "std": 22.89839618272784
  },
  "wtd_std_atomic_radius": {
    "min": 0.0,
    "max": 97.1407108700226,
    "mean": 52.340464937542954,
    "std": 25.294524042055347
  },
  "mean_Density": {
    "min": 1.429,
    "max": 22590.0,
    "mean": 6111.465214254487,
    "std": 2846.7851848545456
  },
  "wtd_mean_Density": {
    "min": 1.429,
    "max": 22590.0,
    "mean": 5267.188547254163,
    "std": 3221.314505792536
  },
  "gmean_Density": {
    "min": 1.429,
    "max": 22590.0,
    "mean": 3460.6922352150764,
    "std": 3703.25636969012
  },
  "wtd_gmean_Density": {
    "min": 0.686244596122796,
    "max": 22590.0,
    "mean": 3117.2411099859073,
    "std": 3975.1225874544
  },
  "entropy_Density": {
    "min": 0.0,
    "max": 1.9542965723777,
    "mean": 1.072424606420924,
    "std": 0.34235629092661385
  },
  "wtd_entropy_Density": {
    "min": 0.0,
    "max": 1.70342035029737,
    "mean": 0.8560366124008445,
    "std": 0.3197607271094547
  },
  "range_Density": {
    "min": 0.0,
    "max": 22588.571,
    "mean": 8665.438817941964,
    "std": 4097.126830966583
  },
  "wtd_range_Density": {
    "min": 0.0,
    "max": 22434.16,
    "mean": 2902.7368144493635,
    "std": 2398.471019859647
  },
  "std_Density": {
    "min": 0.0,
    "max": 10724.3745,
    "mean": 3416.9107839604876,
    "std": 1673.6249152607077
  },
  "wtd_std_Density": {
    "min": 0.0,
    "max": 10410.9320049395,
    "mean": 3319.17062787988,
    "std": 1611.7996294887325
  },
  "mean_ElectronAffinity": {
    "min": 1.5,
    "max": 326.1,
    "mean": 76.87975062184181,
    "std": 27.701889626166246
  },
  "wtd_mean_ElectronAffinity": {
    "min": 1.5,
    "max": 326.1,
    "mean": 92.71748621630398,
    "std": 32.27638701174695
  },
  "gmean_ElectronAffinity": {
    "min": 1.5,
    "max": 326.1,
    "mean": 54.35950154241109,
    "std": 29.007424880945234
  },
  "wtd_gmean_ElectronAffinity": {
    "min": 1.5,
    "max": 326.1,
    "mean": 72.41622533082105,
    "std": 31.648443757329687
  },
  "entropy_ElectronAffinity": {
    "min": 0.0,
    "max": 1.76773180911287,
    "mean": 1.0702497970193114,
    "std": 0.3433911388198654
  },
  "wtd_entropy_ElectronAffinity": {
    "min": 0.0,
    "max": 1.67539975792966,
    "mean": 0.7707565499103158,
    "std": 0.28598624654138516
  },
  "range_ElectronAffinity": {
    "min": 0.0,
    "max": 349.0,
    "mean": 120.73051403847057,
    "std": 58.700326578747266
  },
  "wtd_range_ElectronAffinity": {
    "min": 0.0,
    "max": 218.6966,
    "mean": 59.33263739556875,
    "std": 28.62040939916411
  },
  "std_ElectronAffinity": {
    "min": 0.0,
    "max": 162.895331083763,
    "mean": 48.912207320209305,
    "std": 21.740520867701157
  },
  "wtd_std_ElectronAffinity": {
    "min": 0.0,
    "max": 169.075861752682,
    "mean": 44.40935592805147,
    "std": 20.429293189996777
  },
  "mean_FusionHeat": {
    "min": 0.222,
    "max": 105.0,
    "mean": 14.296112664595851,
    "std": 11.300187956516321
  },
  "wtd_mean_FusionHeat": {
    "min": 0.222,
    "max": 105.0,
    "mean": 13.848000883359619,
    "std": 14.279335473277488
  },
  "gmean_FusionHeat": {
    "min": 0.222,
    "max": 105.0,
    "mean": 10.136976826474308,
    "std": 10.06590062883658
  },
  "wtd_gmean_FusionHeat": {
    "min": 0.222,
    "max": 105.0,
    "mean": 10.141160706071776,
    "std": 13.134006981367644
  },
  "entropy_FusionHeat": {
    "min": 0.0,
    "max": 2.03441025240924,
    "mean": 1.0933429814697326,
    "std": 0.37593206271166946
  },
  "wtd_entropy_FusionHeat": {
    "min": 0.0,
    "max": 1.7471647643042,
    "mean": 0.9140646259558485,
    "std": 0.37012473248062755
  },
  "range_FusionHeat": {
    "min": 0.0,
    "max": 104.778,
    "mean": 21.138993933123263,